"Life Hardship","Warmth","Competence","Pity","SES (low)","Social Pain","Accommodation","Projected Grade"
1,-0.0485587792924987,-0.193956749906347,0.270069480795435,0.526418104915913,0.0312485281562937,0.0941483471920245,-0.19059681752616
-0.0485587792924987,1,0.623085900321193,0.264338846070168,-0.0506345885631302,0.118674565357179,0.131039661076719,0.190929794520905
-0.193956749906347,0.623085900321193,1,0.160982733076416,-0.148291572557122,0.0868645927624806,0.0103914781099562,0.192692919518667
0.270069480795435,0.264338846070168,0.160982733076416,1,0.233322404119565,0.213914176501968,0.14280242751088,-0.0904846987050591
0.526418104915913,-0.0506345885631302,-0.148291572557122,0.233322404119565,1,-0.0216360512429465,0.133032587447883,-0.199270469364863
0.0312485281562937,0.118674565357179,0.0868645927624806,0.213914176501968,-0.0216360512429465,1,0.251315849494043,0.133177742221929
0.0941483471920245,0.131039661076719,0.0103914781099562,0.14280242751088,0.133032587447883,0.251315849494043,1,-0.0202580612250035
-0.19059681752616,0.190929794520905,0.192692919518667,-0.0904846987050591,-0.199270469364863,0.133177742221929,-0.0202580612250035,1
